threshold,margin,ttt,handovers,ping_pong,avg_rssi,outages
-90,1,2,131,1,-89.11969442740269,2285
-90,2,2,121,0,-89.14952928932618,2302
-90,3,2,115,0,-89.1634895156659,2309
-90,1,3,127,0,-89.30675658687468,2309
-90,2,3,120,0,-89.33060992453316,2321
-90,3,3,114,0,-89.34892041580845,2333
-90,4,2,113,0,-89.21318103020616,2335
-90,1,4,126,0,-89.43703496883563,2335
-92,1,2,124,2,-89.49400118212023,2336
-90,2,4,119,0,-89.45074139885705,2341
-90,1,5,126,0,-89.55904404173504,2347
-90,2,5,119,0,-89.56628189473537,2351
-90,3,4,113,0,-89.46666242564488,2356
-90,4,3,110,0,-89.38512110490831,2357
-92,2,2,115,1,-89.5599376213814,2358
-90,3,5,113,0,-89.577599620015,2367
-92,3,2,108,1,-89.57029349138578,2368
-92,1,3,121,1,-89.710485619654,2368
-92,2,3,114,1,-89.72808171104035,2379
-92,3,3,108,1,-89.7396541133819,2389
-90,4,4,107,0,-89.51401365567266,2391
-92,4,2,106,1,-89.61519914396335,2393
-92,1,4,120,1,-89.85916997133558,2395
-92,2,4,113,1,-89.86756674572116,2401
-90,4,5,107,0,-89.62328378173744,2402
-92,4,3,104,1,-89.77273511128038,2409
-92,1,5,118,0,-89.97730002743997,2411
-92,3,4,107,1,-89.87812804369052,2414
-92,2,5,111,0,-89.98670655117854,2416
-92,3,5,105,0,-89.99884920310039,2432
-92,4,4,102,1,-89.92396391725713,2444
-92,4,5,99,0,-90.03953556184067,2463
-95,1,2,104,0,-90.54727533335881,2519
-95,3,2,94,0,-90.67274631751806,2551
-95,4,2,88,0,-90.61674193322031,2557
-95,2,2,99,0,-90.66798602220359,2558
-95,1,3,102,0,-90.70828289808601,2575
-95,3,3,92,0,-90.74107583008401,2582
-95,2,3,97,0,-90.75072512872954,2591
-95,3,4,90,0,-90.87392792150519,2606
-95,4,3,87,0,-90.78638418887192,2607
-95,1,4,102,0,-90.86612573873995,2612
-95,2,4,97,0,-90.90559516673567,2618
-95,4,4,87,0,-90.93154234269639,2636
-95,3,5,88,0,-91.11767007588647,2653
-95,1,5,100,0,-91.12844561929522,2662
-95,2,5,95,0,-91.16234188197393,2667
-95,4,5,84,0,-91.18531462658919,2690
-98,3,2,71,0,-92.00545380906541,2924
-98,1,2,81,0,-92.03572172539782,2925
-98,2,2,74,0,-92.01145261756191,2935
-98,1,3,79,0,-92.05708442377721,2946
-98,4,2,69,0,-92.06077424463878,2952
-98,2,3,74,0,-92.08267632589977,2956
-98,3,3,70,0,-92.09216229847405,2960
-98,4,3,68,0,-92.12348337989224,2966
-98,1,4,77,1,-92.13941408690263,2977
-98,3,4,68,1,-92.16039305261937,2988
-98,2,4,72,1,-92.16531942253326,2988
-98,1,5,77,1,-92.214963244213,3010
-98,4,4,65,1,-92.22029092445338,3012
-98,2,5,72,1,-92.23640881372681,3020
-98,3,5,68,1,-92.29108496964975,3042
-98,4,5,65,1,-92.29662161800115,3048
