total_handovers,ping_pong,average_rssi,outage_samples,simulation_id
1,0,-84.4994123095085,4,0
0,0,-88.4923162837183,23,1
1,0,-93.12477360944598,38,2
0,0,-81.82941628417106,6,3
0,0,-77.759460677401,2,4
1,0,-89.66304129293944,14,5
3,1,-90.04816839717984,23,6
2,0,-88.40411858004501,12,7
4,1,-89.73302783769356,20,8
1,0,-84.30098530821961,14,9
0,0,-91.94203101600843,23,10
1,0,-80.55209259343611,3,11
4,1,-91.58683755793541,27,12
1,0,-82.86094837298428,0,13
3,2,-83.12450044228797,10,14
0,0,-86.25502605218196,15,15
3,1,-87.37653282271451,9,16
2,1,-88.80595767001272,25,17
3,1,-83.66775249599772,6,18
1,0,-81.10951201050256,6,19
1,0,-87.58052643375164,18,20
0,0,-87.52219481625501,19,21
1,0,-80.55318996769425,4,22
0,0,-85.70779400794605,16,23
0,0,-85.05788029877372,11,24
1,0,-91.25543534939884,21,25
0,0,-88.47655150847075,21,26
3,0,-91.08782327347845,22,27
0,0,-86.635711876635,15,28
0,0,-91.39809063052115,35,29
1,0,-91.9912144937596,30,30
2,1,-92.45725422357484,26,31
1,0,-82.76456713334683,7,32
0,0,-95.34754305167077,46,33
3,1,-91.7013001167516,33,34
1,0,-92.73417910303422,28,35
1,0,-84.64635184451306,10,36
1,0,-91.84848125027469,25,37
1,0,-87.24362896915889,15,38
2,0,-96.81994335068916,46,39
1,0,-86.59158331438722,20,40
1,0,-95.86892485326462,43,41
0,0,-80.82787853466566,9,42
2,0,-82.78934449060516,8,43
1,0,-85.6534291580453,12,44
2,0,-84.89973826296051,13,45
0,0,-85.0361935408853,16,46
1,0,-93.29130677388366,36,47
2,1,-91.5380758841367,33,48
3,0,-86.63631471013456,7,49
1,0,-78.6971785740116,2,50
4,1,-86.28908739389095,8,51
0,0,-91.44089040366254,23,52
0,0,-90.84096445763544,29,53
1,0,-79.80526850142161,3,54
1,0,-87.97421608949631,13,55
0,0,-87.19414273626951,14,56
0,0,-81.29073397250153,9,57
2,1,-91.66881554720399,34,58
0,0,-90.14922759143137,29,59
3,2,-92.23882718910284,28,60
2,0,-91.79921863989627,34,61
1,0,-90.60942104217193,24,62
1,0,-84.62902914161329,16,63
0,0,-90.03288205430526,26,64
0,0,-91.60487183171058,31,65
3,1,-84.7584415888892,11,66
0,0,-86.99577553963529,15,67
1,0,-79.75106715562033,2,68
1,0,-84.28123332240136,4,69
1,0,-77.1380743061126,2,70
1,0,-73.93995909477773,3,71
1,0,-79.62513620429455,2,72
1,0,-72.71874034226435,2,73
0,0,-83.74566742278068,11,74
6,3,-92.5329658310805,20,75
0,0,-92.44887086294473,40,76
0,0,-88.99118201156436,16,77
4,1,-90.96026358070125,27,78
0,0,-80.52514126992911,6,79
1,0,-78.95110204483295,2,80
0,0,-90.993807695967,27,81
0,0,-86.00643145756487,13,82
2,0,-82.90429675660263,3,83
1,0,-90.39078159878625,25,84
1,0,-92.63425604654738,37,85
2,0,-89.94213371756803,32,86
0,0,-82.63460344474119,10,87
1,0,-82.14077132355578,9,88
3,1,-84.76237463868111,16,89
4,1,-90.20397358586906,29,90
2,0,-87.57203784814635,16,91
1,0,-88.71452542607445,26,92
2,0,-86.97080098863309,19,93
3,0,-94.56090682656695,43,94
3,1,-93.66589122267968,38,95
3,1,-88.22945791898701,17,96
1,0,-79.78811141980606,1,97
4,1,-88.68986566135611,14,98
3,2,-92.22887604555464,25,99
1,0,-81.53571843979863,2,100
1,0,-74.53017026645952,2,101
1,0,-83.73959022175711,5,102
0,0,-92.85742391737767,28,103
0,0,-79.32927327265678,4,104
1,0,-80.62336526580468,0,105
0,0,-86.40826093766978,23,106
1,0,-75.05908221621299,2,107
1,0,-88.02456296571332,12,108
1,0,-72.77296063413205,2,109
0,0,-87.31693539133829,15,110
1,0,-86.44821793705803,14,111
2,1,-97.37780708210005,43,112
0,0,-89.18859348433006,24,113
3,1,-96.0273141072971,41,114
0,0,-84.59770080478764,8,115
1,0,-86.19174822478368,7,116
5,2,-95.20910110125057,40,117
1,0,-77.77669553205223,2,118
1,0,-86.50466744870846,14,119
0,0,-84.59636627970674,8,120
0,0,-87.10826229573348,14,121
1,0,-79.12524163600901,1,122
1,0,-74.89705294044045,2,123
1,0,-94.33161911185641,34,124
2,0,-90.74200485322692,31,125
2,0,-91.79250213462755,31,126
2,1,-90.51710669213695,26,127
2,1,-88.35819408154691,17,128
1,0,-73.64644347434123,2,129
1,0,-79.62649665877794,5,130
3,2,-88.67645764939545,19,131
3,2,-86.5282685234962,17,132
1,0,-84.40568672037286,2,133
3,1,-93.49392288726781,35,134
1,0,-80.58974294380616,0,135
0,0,-84.4278179942505,8,136
3,0,-94.3226797946176,35,137
0,0,-90.6831528359724,21,138
1,0,-72.01535329761906,1,139
1,0,-90.78404546192984,29,140
3,1,-83.56061680315439,13,141
1,0,-77.16807448075546,3,142
1,0,-76.86455137705444,1,143
3,1,-85.2402239589473,12,144
1,0,-88.12174447586567,15,145
1,0,-84.2800075844898,11,146
3,0,-86.57805064158202,6,147
3,1,-92.02748378234881,29,148
1,0,-90.66483385525511,18,149
0,0,-85.58758103644966,15,150
0,0,-89.27227520625844,25,151
5,2,-91.2114084660271,26,152
4,0,-90.62043474659347,28,153
1,0,-81.66220023147721,7,154
1,0,-86.8502116352548,14,155
2,1,-93.15983948859598,33,156
1,0,-83.39675691341063,9,157
0,0,-86.77694571514704,15,158
1,0,-78.74574789691599,1,159
1,0,-87.64283687095588,16,160
0,0,-80.17697700700668,9,161
1,0,-87.02488548356092,18,162
3,0,-91.36961346734108,25,163
1,0,-83.4599566895289,6,164
1,0,-91.83120725108803,27,165
1,0,-80.15652380665442,3,166
2,0,-93.81475999494958,34,167
1,0,-87.40826790681992,14,168
2,1,-92.4328391313256,29,169
0,0,-90.8097375366109,26,170
2,0,-90.82172361963708,29,171
5,2,-84.30376274658614,3,172
1,0,-82.0115993858443,9,173
2,0,-84.77788384417231,12,174
2,0,-86.73844027322963,17,175
2,1,-91.16244739000773,29,176
1,0,-82.10646420883695,4,177
2,1,-90.7073524436108,28,178
0,0,-79.05005473909814,8,179
1,0,-78.57470988891723,3,180
2,0,-92.98872179228265,36,181
1,0,-91.91724526458476,20,182
0,0,-84.905071954819,12,183
1,0,-80.52481272073739,1,184
1,0,-75.30560704764241,2,185
1,0,-79.86832277641187,1,186
1,0,-78.94322066252886,2,187
1,0,-80.0445753768239,0,188
3,2,-82.06805927144991,6,189
1,0,-88.15693725771354,26,190
0,0,-90.23475963051727,15,191
1,0,-91.55260523333048,25,192
3,1,-81.52628888845803,3,193
1,0,-90.95563286405621,31,194
2,0,-91.60918607411685,31,195
2,0,-85.52645243153613,7,196
2,0,-81.84461361035227,9,197
1,0,-73.1129166103513,0,198
0,0,-81.16613556404175,4,199
1,0,-82.50120485053908,7,200
3,1,-81.57592401599405,8,201
0,0,-93.51210990696522,31,202
1,0,-76.17972730949202,3,203
3,1,-82.19254135506732,1,204
4,1,-87.6246754184605,10,205
4,0,-90.19682376102077,21,206
1,0,-82.07688482138741,4,207
1,0,-95.20536478461143,42,208
0,0,-87.10696551430945,10,209
0,0,-89.14599739073881,27,210
1,0,-87.36529911584181,17,211
1,0,-94.47559071186312,38,212
1,0,-83.15788160960263,11,213
5,1,-88.56759334618084,16,214
1,0,-81.01341675850084,3,215
1,0,-86.53044525851345,10,216
1,0,-84.10268045656707,13,217
1,0,-78.26768582209763,2,218
1,0,-83.24509622423085,5,219
0,0,-82.589199055123,4,220
2,0,-85.87724982624104,13,221
1,0,-92.0579065817108,25,222
1,0,-83.63319506637788,4,223
0,0,-83.28932205305064,11,224
0,0,-95.89406946869887,38,225
1,0,-85.9118027126568,14,226
2,0,-82.34651135243574,5,227
4,2,-88.36554903283168,18,228
2,1,-93.1921326471707,43,229
1,0,-93.23551998913472,32,230
2,0,-86.15919154334254,5,231
0,0,-84.16543945845338,9,232
0,0,-78.13851987974097,3,233
0,0,-88.74345412521396,17,234
0,0,-78.60015960722328,2,235
1,0,-83.34682565607234,10,236
1,0,-86.71606139257426,11,237
1,0,-85.90521818453182,15,238
1,0,-78.34971420056291,0,239
2,0,-91.91197633167613,27,240
0,0,-92.7009429919048,37,241
0,0,-92.23852046924722,31,242
3,0,-88.07549554927813,14,243
1,0,-90.11649695793184,26,244
1,0,-86.9381257802558,11,245
1,0,-80.40230593402295,1,246
2,0,-97.66013363652206,41,247
2,1,-92.66742630095723,33,248
0,0,-90.64945226080644,19,249
1,0,-83.28271783017706,6,250
3,1,-86.95294168584672,16,251
0,0,-86.38151318592048,13,252
3,0,-87.71212327136132,17,253
0,0,-87.47957947129946,24,254
3,1,-87.6514386009144,16,255
1,0,-79.17617438479522,0,256
0,0,-90.15929586654516,30,257
5,2,-87.41332840546106,18,258
1,0,-86.34304093818633,15,259
4,2,-92.87249158236234,34,260
3,1,-84.09809593692339,12,261
0,0,-79.3404783024849,9,262
0,0,-87.81572957016482,16,263
3,0,-90.74312319888283,18,264
1,0,-84.40160924782668,8,265
0,0,-86.68140290668408,19,266
0,0,-90.8755143808792,21,267
3,2,-85.46078794004876,6,268
4,1,-91.64110119288341,27,269
1,0,-89.05256578055022,16,270
2,1,-91.73061611509068,29,271
1,0,-87.86918683053486,19,272
2,1,-89.1601583417099,19,273
1,0,-92.76006760595233,26,274
3,0,-95.5941612184579,34,275
1,0,-80.41412865092026,6,276
2,1,-88.04163394156666,26,277
1,0,-83.52144971551628,9,278
2,1,-95.92274633817044,38,279
0,0,-83.75243555106856,12,280
0,0,-89.83592932961028,28,281
0,0,-86.46203501505768,10,282
2,1,-95.31523432448186,38,283
0,0,-90.25204468348907,31,284
3,2,-81.93579341397327,10,285
0,0,-78.63539514918472,6,286
2,0,-84.45825217283478,11,287
1,0,-81.70208638123151,2,288
1,0,-83.12594963088617,5,289
9,3,-90.64138426109794,20,290
3,2,-75.14843450209057,3,291
0,0,-88.76967997450546,17,292
3,1,-83.79946979771486,11,293
1,0,-73.63862020029347,1,294
0,0,-93.10109573059145,30,295
1,0,-80.97187538054412,3,296
0,0,-93.2015929910755,35,297
3,0,-90.35529021370749,21,298
0,0,-92.17542034240388,35,299
4,2,-92.90877447384432,34,300
2,0,-88.84889748233482,13,301
1,0,-84.1711497333301,8,302
1,0,-88.5857816739157,29,303
0,0,-89.02868890332864,21,304
1,0,-85.60530020024127,7,305
3,0,-87.83730344374946,16,306
1,0,-88.4205762529763,15,307
1,0,-83.05853675571652,4,308
1,0,-85.16996643672675,9,309
1,0,-89.17891936735553,17,310
1,0,-89.64530263098756,24,311
1,0,-85.34398068704901,13,312
1,0,-77.4209020705323,2,313
0,0,-94.22961589535029,31,314
0,0,-83.8989106096857,14,315
0,0,-87.70418109487454,18,316
3,0,-95.24214099514937,35,317
5,2,-84.62291051444475,14,318
1,0,-87.24668637858817,17,319
0,0,-85.12336696172034,11,320
1,0,-83.0894510020912,13,321
1,0,-93.47366927666042,35,322
0,0,-92.43898863232269,20,323
0,0,-83.15290945425575,5,324
1,0,-87.18479904232427,16,325
1,0,-86.86268095512249,10,326
1,0,-77.47095926747467,2,327
1,0,-91.58946114232586,27,328
2,0,-86.53586333445114,12,329
1,0,-87.62506794763614,14,330
3,1,-85.15040691357926,15,331
1,0,-86.67217535667268,19,332
2,0,-85.22408069885894,9,333
1,0,-81.83705582946634,13,334
1,0,-80.51350531330046,3,335
1,0,-87.13963306309519,15,336
0,0,-82.08287019120611,7,337
1,0,-85.15806252429685,10,338
0,0,-96.55331599214085,47,339
3,1,-88.23299431497232,17,340
0,0,-95.19061409533145,41,341
1,0,-90.485297666387,19,342
1,0,-77.38212062103884,3,343
1,0,-94.15851462177203,29,344
0,0,-84.4016993097533,16,345
2,1,-86.1128590450909,15,346
4,1,-88.88559555253761,12,347
1,0,-85.64364011249734,16,348
1,0,-82.33426195172161,15,349
2,0,-89.15591757708299,16,350
1,0,-83.60467671410737,6,351
3,2,-74.97315668480971,0,352
2,0,-87.23459072296595,13,353
1,0,-76.26036079283492,3,354
1,0,-77.0718709387779,1,355
3,0,-93.78930489356684,38,356
2,0,-90.30369694525275,35,357
1,0,-86.2506739244168,9,358
2,1,-85.02317672596068,4,359
0,0,-89.17973861308725,18,360
2,0,-93.32733325326852,34,361
0,0,-84.42434860069015,8,362
0,0,-90.44286919095906,31,363
1,0,-89.53795003325843,17,364
3,1,-92.7038259721422,28,365
0,0,-77.97889580355411,3,366
1,0,-86.09924322803882,12,367
3,1,-86.91615541492796,11,368
1,0,-84.8601341406602,8,369
0,0,-76.94560131041098,7,370
0,0,-83.92981813218135,4,371
1,0,-84.48339927560802,4,372
1,0,-86.44172780939209,10,373
2,1,-95.09543411543218,40,374
0,0,-93.98376992564033,34,375
2,1,-87.47332830412083,27,376
1,0,-87.1575408178404,10,377
1,0,-92.02969603590496,28,378
3,2,-83.29705957642884,4,379
1,0,-94.51924222410497,34,380
0,0,-84.88024834090109,8,381
4,0,-89.92255088453584,26,382
0,0,-89.18160357195093,24,383
0,0,-88.59073576968207,20,384
0,0,-89.84711358741312,19,385
1,0,-78.31845527734386,2,386
1,0,-86.83534117649428,16,387
0,0,-88.60662686421405,23,388
0,0,-93.62930745223488,32,389
1,0,-83.15798459119588,4,390
2,1,-91.80898826972523,29,391
0,0,-79.89712454035823,5,392
1,0,-88.20230212349148,16,393
1,0,-83.81339485073936,7,394
0,0,-81.55443345379511,4,395
2,1,-93.06155322349163,34,396
1,0,-85.59865217419156,12,397
3,1,-90.61163807987614,22,398
3,2,-87.62957780833351,19,399
0,0,-91.61296266890753,32,400
0,0,-91.53230583506365,27,401
2,1,-86.56187543746505,17,402
0,0,-93.26356017573649,36,403
1,0,-84.44577573519081,9,404
1,0,-85.35271466633134,6,405
1,0,-89.17770868346518,15,406
0,0,-82.61928774551748,12,407
1,0,-76.09571376515092,5,408
0,0,-86.97262975665758,7,409
1,0,-84.66683325581913,14,410
1,0,-92.41716233675446,36,411
1,0,-89.85288299503547,14,412
0,0,-81.61240373442594,10,413
0,0,-84.1464344553179,16,414
3,0,-84.70109418113302,7,415
1,0,-89.0020824449902,18,416
2,0,-88.1604468056533,18,417
2,1,-92.07811224448798,29,418
1,0,-81.1760767941536,7,419
1,0,-88.9894053684875,18,420
2,0,-93.6380597869813,35,421
3,1,-92.9200772836619,32,422
0,0,-88.35799141499318,20,423
0,0,-78.56186434336796,6,424
1,0,-91.04308779978308,18,425
1,0,-92.41739049726088,25,426
2,0,-90.42640674546386,24,427
1,0,-85.39477978197564,15,428
3,1,-84.99426844435881,11,429
3,0,-90.11791821255645,27,430
2,0,-83.02388728056205,9,431
1,0,-73.44461008869993,1,432
1,0,-91.92263957015166,30,433
0,0,-88.2828064322584,19,434
5,2,-84.45303565987533,14,435
2,1,-86.10671821197923,20,436
3,0,-92.99580022393864,29,437
1,0,-85.26098414232692,15,438
0,0,-89.91217188550348,18,439
4,2,-88.43475822617302,15,440
0,0,-84.68381138813439,14,441
2,0,-96.03252554236524,43,442
1,0,-81.208324794661,2,443
1,0,-80.34598914190154,3,444
1,0,-87.0002170589959,22,445
0,0,-92.51993662906153,38,446
1,0,-87.48087670125537,14,447
1,0,-83.19207492640376,6,448
3,0,-89.87342146426448,27,449
0,0,-88.57130915236522,20,450
0,0,-93.2465256690159,37,451
1,0,-92.89206835300958,32,452
0,0,-87.5765415690812,14,453
1,0,-82.4485900999295,3,454
1,0,-83.80141017796808,5,455
2,1,-89.31205345412789,23,456
1,0,-81.50612862883956,5,457
1,0,-90.2138281130227,20,458
2,0,-92.84469795825206,34,459
0,0,-85.24768863680701,11,460
1,0,-88.69322635454269,22,461
3,2,-90.90042935162222,18,462
1,0,-79.17397219956234,6,463
1,0,-91.00459249563775,25,464
0,0,-81.3466269714795,9,465
1,0,-91.15718920370259,30,466
1,0,-84.30161222460598,10,467
2,1,-79.59561444546718,8,468
1,0,-92.72073185348505,28,469
4,1,-86.81350426144337,18,470
0,0,-88.44686158008737,21,471
1,0,-75.02034435754948,1,472
0,0,-88.10077947948658,15,473
1,0,-83.06680718470439,7,474
1,0,-80.721964725845,7,475
0,0,-86.18245904560341,15,476
1,0,-80.78431487459184,3,477
1,0,-78.54676480044054,3,478
1,0,-74.64255269493904,0,479
0,0,-89.714376018365,26,480
1,0,-80.71949278084178,2,481
2,0,-83.58497551540819,6,482
2,1,-90.55670868128632,27,483
1,0,-76.28952960824347,2,484
2,0,-86.61731253653164,17,485
1,0,-84.24659302517867,11,486
2,1,-85.44692757253732,11,487
1,0,-75.29321455758402,0,488
1,0,-95.51953617119786,37,489
1,0,-80.72357103337131,1,490
0,0,-89.96874637518302,26,491
0,0,-86.02896991148879,8,492
1,0,-82.77277055025814,2,493
1,0,-79.35638835290455,6,494
1,0,-86.63317265478292,10,495
3,0,-89.83751507693177,19,496
0,0,-82.65703515818893,6,497
0,0,-87.8441915605665,20,498
1,0,-85.41039488269418,7,499
2,0,-93.63681118126661,33,500
0,0,-88.03817105504984,21,501
1,0,-91.72988834393976,38,502
4,1,-89.01628830057489,21,503
1,0,-84.43140010974223,7,504
1,0,-89.03200184086933,17,505
0,0,-85.13277827473966,13,506
1,0,-77.47454181391336,3,507
0,0,-91.40060077492453,28,508
3,1,-76.5869560661005,0,509
1,0,-92.99869769266978,36,510
1,0,-83.8120793055065,4,511
1,0,-73.54181315829564,3,512
2,1,-94.36807266855394,42,513
2,1,-82.46266038061783,9,514
1,0,-84.30768396089935,15,515
0,0,-83.45312696874184,8,516
1,0,-75.56065118671876,1,517
1,0,-82.59628030015546,3,518
1,0,-79.59870328638428,3,519
0,0,-93.2552596381127,39,520
1,0,-92.21568717663082,25,521
1,0,-77.16437594609972,1,522
0,0,-86.49487098525269,18,523
1,0,-85.14090579803069,14,524
0,0,-84.29970777617095,13,525
1,0,-82.2374334928335,2,526
1,0,-85.78013462873787,13,527
2,0,-90.2955504273038,26,528
1,0,-76.973749128157,1,529
1,0,-94.48321982567064,33,530
4,1,-92.33959486611754,27,531
1,0,-90.30256600257987,30,532
3,1,-87.96849586057658,13,533
0,0,-83.8305433351112,9,534
2,0,-90.48679568537631,26,535
1,0,-85.39968038339144,9,536
1,0,-73.65187014473105,1,537
1,0,-93.30386066205081,32,538
1,0,-75.04560826556435,1,539
2,1,-86.68929923522275,17,540
0,0,-93.02325106918761,33,541
0,0,-91.8253271245223,28,542
3,1,-89.43225451072,20,543
1,0,-80.59918097508802,4,544
0,0,-86.6588907496863,23,545
3,1,-91.50963009118556,23,546
0,0,-90.64765991630384,31,547
2,1,-84.42457011692503,7,548
0,0,-84.76215672678863,13,549
1,0,-77.07146893861592,2,550
0,0,-93.9536827508797,35,551
2,0,-89.25240739861914,20,552
3,1,-96.17254172310136,40,553
3,1,-89.40947192010941,18,554
2,1,-88.59326046793215,18,555
1,0,-87.07720797143408,18,556
0,0,-82.46095366994729,6,557
3,1,-84.49194199283511,4,558
0,0,-91.59395394115478,27,559
3,1,-88.90769219209393,14,560
0,0,-87.0294653497824,19,561
3,0,-93.35457872816512,30,562
3,0,-93.21995793656247,35,563
1,0,-88.48922572554433,17,564
0,0,-91.2157368328605,27,565
0,0,-88.07330786280836,14,566
0,0,-93.62410767585813,36,567
0,0,-80.96940676978139,10,568
1,0,-78.95100337104589,6,569
1,0,-87.85744745590168,12,570
3,1,-91.2713759217155,31,571
1,0,-95.25477557287644,40,572
0,0,-90.56954538191395,24,573
1,0,-94.05665090841221,35,574
0,0,-86.57111799137125,17,575
1,0,-85.96840017652511,9,576
0,0,-92.95896498404583,37,577
1,0,-75.06964652201215,3,578
0,0,-92.46192219343884,32,579
3,0,-95.23260635633386,36,580
1,0,-82.00889227618774,4,581
1,0,-77.51599515976096,0,582
3,0,-92.96737965293883,22,583
3,0,-92.6468234007116,27,584
0,0,-87.58537624133544,18,585
1,0,-76.20605569991521,1,586
0,0,-90.65258133936278,21,587
1,0,-81.45791053715199,3,588
0,0,-85.15906896548864,17,589
1,0,-84.13746558512764,5,590
0,0,-91.07746975861478,24,591
2,1,-80.38537009158087,6,592
1,0,-84.59402406671154,13,593
1,0,-87.17778537796853,13,594
1,0,-89.50938013220757,19,595
1,0,-81.0452758409441,2,596
6,2,-91.67493952121053,19,597
3,2,-85.35494480926275,18,598
1,0,-74.29116375016457,0,599
1,0,-84.97602938040676,10,600
0,0,-84.60794818251412,9,601
1,0,-92.3781123227984,33,602
1,0,-78.32101498267976,2,603
0,0,-81.27347507972118,8,604
1,0,-86.7856648834962,9,605
3,1,-86.53291928460223,10,606
1,0,-90.78666915235974,30,607
6,2,-93.85972087001508,34,608
0,0,-83.10178121843934,6,609
1,0,-87.4312520743752,12,610
0,0,-86.70579485934385,13,611
1,0,-91.10032663040212,30,612
0,0,-81.93273127541306,6,613
1,0,-92.60178018041317,26,614
1,0,-78.18168952894948,5,615
0,0,-90.35887962949153,23,616
1,0,-87.21884699662509,18,617
0,0,-89.64969888373071,27,618
1,0,-87.44321060171421,14,619
1,0,-88.62814891083839,20,620
4,1,-85.38411810571436,11,621
0,0,-84.63949743568135,11,622
3,0,-90.95732993650344,30,623
2,0,-95.60545841231449,43,624
0,0,-79.20232626977369,5,625
0,0,-81.62813625310851,8,626
0,0,-91.88103151829168,30,627
0,0,-82.2926790369515,11,628
2,0,-88.39428898829638,15,629
2,0,-81.59070722412126,11,630
2,0,-79.67350374504595,1,631
1,0,-91.21043606541518,19,632
4,2,-90.15103637959268,18,633
1,0,-81.0795596128643,8,634
1,0,-78.4804957261188,1,635
1,0,-85.80578833991916,16,636
2,0,-90.74395552280959,22,637
3,1,-93.96551339450534,28,638
2,1,-86.29331637998652,19,639
1,0,-83.24866820621932,7,640
3,0,-96.14876345953591,43,641
4,2,-88.24158076803826,12,642
2,0,-93.76905993470666,33,643
1,0,-79.25756046517242,5,644
0,0,-92.08173064955149,38,645
3,1,-89.36571697250888,18,646
3,0,-92.44254452489585,30,647
1,0,-89.09251305371774,16,648
1,0,-86.56517144963262,18,649
1,0,-88.4377490508943,13,650
1,0,-86.4779904106223,16,651
2,0,-89.26011469816524,18,652
1,0,-79.04173789145273,1,653
0,0,-87.00359920486694,14,654
0,0,-91.03385454356605,30,655
3,1,-88.52264482178634,21,656
1,0,-80.80830972527278,6,657
3,0,-86.71184392805435,12,658
1,0,-89.07800036464252,16,659
3,1,-82.86527664672188,1,660
1,0,-89.11898086030037,18,661
0,0,-80.90753004429503,5,662
4,1,-95.27257263023161,39,663
1,0,-75.8043256838524,2,664
2,0,-82.914989475029,12,665
1,0,-90.22634718556188,28,666
2,1,-87.08099368077215,15,667
1,0,-87.42705500813716,13,668
1,0,-75.29305128873739,1,669
0,0,-79.91878740267617,6,670
2,0,-82.82055142927481,9,671
0,0,-84.94798096166598,6,672
0,0,-81.85435057062018,7,673
1,0,-79.96987501165805,1,674
1,0,-85.32670530791245,14,675
1,0,-75.33498074482128,2,676
1,0,-74.46789319910478,2,677
3,1,-94.73698553399839,37,678
4,1,-85.65711282004571,11,679
1,0,-84.52618247383435,11,680
0,0,-90.62567536630799,30,681
2,0,-93.95764788952381,31,682
0,0,-91.62010564047738,24,683
0,0,-93.61958403227027,30,684
1,0,-82.83790656182654,6,685
0,0,-81.36159288361571,8,686
1,0,-78.46292037564946,4,687
2,0,-83.39985110925531,4,688
1,0,-78.95080728757439,1,689
4,1,-92.15544136268045,28,690
1,0,-79.4372706923455,3,691
0,0,-84.06106851599459,9,692
1,0,-80.64396926716411,11,693
0,0,-91.01326401596123,19,694
1,0,-86.19557644202452,15,695
0,0,-89.44754802492045,16,696
1,0,-80.46114263891879,7,697
0,0,-84.05706746974309,5,698
4,1,-90.43348226644976,22,699
0,0,-87.15030798477454,13,700
1,0,-82.60488718573153,7,701
5,1,-90.42119107802051,23,702
2,0,-86.33594448605552,11,703
1,0,-94.65768231004847,40,704
3,1,-85.91457055307487,14,705
1,0,-78.94050959986987,5,706
2,1,-89.69254374743643,29,707
3,2,-89.63067198834396,25,708
0,0,-79.9916950113921,7,709
3,1,-91.16608960812363,24,710
0,0,-91.95156136243622,30,711
3,2,-91.47627864657555,24,712
2,1,-91.01201621957793,24,713
3,1,-86.24516112200219,17,714
0,0,-88.90720107203312,25,715
0,0,-88.16170058291085,24,716
1,0,-85.25042000483658,11,717
1,0,-82.23546093896171,2,718
0,0,-87.15072792284789,20,719
0,0,-78.29546382092454,4,720
1,0,-74.05517796676315,2,721
1,0,-75.72782918166814,0,722
2,0,-96.35389902540821,41,723
5,3,-89.8005999879383,26,724
0,0,-89.24175873225978,19,725
1,0,-84.21541495789212,13,726
1,0,-88.7588578052373,13,727
1,0,-88.10107708531156,16,728
8,5,-85.24094570112537,4,729
3,1,-88.07205187079262,12,730
2,0,-89.26478095967994,19,731
1,0,-88.06984317022363,23,732
3,1,-77.25204016446263,5,733
0,0,-93.03177710258284,27,734
1,0,-86.49201091642882,17,735
1,0,-90.83566043737845,17,736
1,0,-79.37594736462563,3,737
0,0,-93.48806054296637,38,738
1,0,-82.3473367461507,9,739
3,0,-90.33542249866473,25,740
3,0,-88.02720788405747,13,741
0,0,-84.00457647050611,21,742
1,0,-82.67397709575904,2,743
3,0,-80.87103534661334,4,744
0,0,-83.75433668044965,16,745
3,0,-91.52418302763306,32,746
1,0,-89.51960523709513,22,747
1,0,-80.7286906026461,6,748
1,0,-80.22007320009499,6,749
1,0,-82.15517866176491,4,750
4,1,-86.58669025620313,12,751
2,0,-93.23686083116837,34,752
1,0,-82.22474150118028,6,753
0,0,-81.4463138463076,10,754
0,0,-84.91827508445485,10,755
0,0,-89.0424978418211,20,756
0,0,-88.85993141833626,24,757
2,0,-89.95673566631176,27,758
2,1,-89.32901794072195,20,759
0,0,-86.59752638951502,19,760
0,0,-86.21060759447273,13,761
3,1,-85.76047667355616,9,762
0,0,-92.59922390760819,26,763
1,0,-74.4246322170854,2,764
2,1,-90.9533586802587,32,765
1,0,-85.93334558976359,9,766
2,0,-84.17089327484246,12,767
2,0,-90.83364531970933,21,768
2,0,-89.12698894693142,24,769
1,0,-91.44486367514772,35,770
3,0,-86.81635513230856,21,771
1,0,-77.8191623637968,1,772
0,0,-85.61767411706074,10,773
2,1,-85.7169314461617,13,774
0,0,-84.32617796915876,8,775
1,0,-82.81468369013254,6,776
3,1,-83.57031243423444,11,777
3,1,-73.08132348770161,0,778
2,1,-89.5145418625404,32,779
0,0,-85.89560881364561,17,780
2,0,-84.98607278354778,13,781
0,0,-90.84919752005578,34,782
0,0,-76.60486777901991,3,783
4,1,-85.14726006986236,7,784
1,0,-85.17091307815242,6,785
2,1,-92.25319084795721,27,786
1,0,-85.35727111645528,6,787
1,0,-77.825261035414,4,788
1,0,-84.71565704418167,10,789
2,0,-91.48684199957226,23,790
1,0,-82.62294321241707,5,791
1,0,-74.4237176486985,0,792
1,0,-84.39612767674856,4,793
0,0,-91.98933279251315,27,794
2,0,-90.00406475224234,21,795
0,0,-92.91472971773625,36,796
4,1,-87.12238250309223,22,797
3,0,-97.72776072016772,48,798
1,0,-72.15937654566929,3,799
1,0,-87.25548015304268,12,800
3,0,-85.00496028561746,7,801
1,0,-77.35544557498957,2,802
0,0,-86.2738457142335,10,803
0,0,-89.7762524086429,21,804
0,0,-89.33248736195523,21,805
3,1,-92.92877410764342,32,806
1,0,-82.28866747250177,5,807
3,0,-87.79896456565535,18,808
3,1,-87.1883100533078,14,809
0,0,-84.59803356432927,21,810
1,0,-81.24036482403785,4,811
1,0,-82.55684625599488,1,812
0,0,-89.43241954486695,21,813
1,0,-78.92867870171983,2,814
0,0,-78.55667927385939,3,815
1,0,-94.01832968650146,37,816
0,0,-93.67638230235127,34,817
0,0,-84.97110515262621,12,818
0,0,-82.49612623541594,6,819
1,0,-91.70016867694981,28,820
1,0,-83.30167372477744,7,821
3,0,-94.8111363056062,36,822
1,0,-85.78375844216993,10,823
1,0,-86.67425986124417,8,824
1,0,-89.63183204391788,25,825
2,0,-89.92321630716705,18,826
2,1,-95.33054471946248,37,827
0,0,-89.6503672421556,20,828
0,0,-87.96521478630277,18,829
2,1,-87.22032486548915,23,830
0,0,-75.51966998867867,3,831
2,1,-87.84118433132063,11,832
1,0,-77.57246839226737,4,833
1,0,-85.90595129328644,4,834
1,0,-81.96784772472245,8,835
4,1,-92.70021890812899,37,836
1,0,-76.72639320997473,1,837
0,0,-81.84874167128235,7,838
1,0,-92.11618408051535,28,839
0,0,-92.9036158268919,31,840
2,0,-81.82985847318803,2,841
1,0,-82.61625914107275,5,842
1,0,-82.26192114034443,4,843
1,0,-93.18009647711709,31,844
1,0,-90.70856602325036,30,845
0,0,-91.20290051687329,25,846
2,0,-92.03327816471338,30,847
3,1,-84.42698912961475,13,848
2,0,-90.72621453389996,19,849
0,0,-92.97725910418676,32,850
4,1,-91.38619319295582,23,851
3,1,-89.97360070679979,21,852
0,0,-86.63647987040304,10,853
3,0,-92.6360023849466,25,854
0,0,-94.12316913469138,32,855
1,0,-88.92316462752177,17,856
0,0,-85.89077640825684,11,857
0,0,-86.3989549924636,17,858
0,0,-80.12424375595045,9,859
0,0,-84.89923130925119,14,860
0,0,-89.45851913407012,22,861
1,0,-90.73776156968634,26,862
1,0,-90.63311069058511,21,863
5,2,-89.09841190308721,18,864
1,0,-75.47155830741835,0,865
1,0,-76.13198909471963,1,866
1,0,-84.98520263321112,6,867
0,0,-88.08150569484472,25,868
0,0,-85.58447877871022,12,869
1,0,-80.47361488382856,4,870
1,0,-80.6737669266794,7,871
1,0,-86.35601647371377,14,872
2,1,-87.22116080107486,15,873
1,0,-78.76095816547674,2,874
3,1,-80.30265836909989,6,875
0,0,-88.48585855158464,18,876
1,0,-85.75319742424497,15,877
3,1,-91.93628442369358,25,878
1,0,-77.45827932519019,1,879
1,0,-78.45990372239932,0,880
1,0,-83.11500599865334,8,881
3,2,-92.38757572908489,23,882
1,0,-84.9391052566412,7,883
1,0,-91.54070200025984,22,884
2,0,-89.0475079271263,29,885
1,0,-86.35959743400578,9,886
0,0,-87.42079509405704,15,887
1,0,-83.50612128942512,6,888
1,0,-82.57941695045605,8,889
3,1,-81.11870450655898,6,890
0,0,-83.76239395922195,13,891
5,2,-94.21426332015601,30,892
3,1,-86.25224320381432,17,893
0,0,-85.34987653680966,16,894
1,0,-75.15503515487566,2,895
0,0,-90.41796062856554,24,896
1,0,-83.641698338994,4,897
0,0,-85.66155207993748,18,898
1,0,-86.48116990466568,14,899
1,0,-83.67160885651427,7,900
3,1,-83.29729995679692,7,901
1,0,-83.24203881704663,8,902
3,2,-73.50369107455745,0,903
4,1,-92.23517550428205,23,904
3,0,-84.41904534494617,15,905
0,0,-92.48787652434308,35,906
0,0,-90.91449144051836,24,907
1,0,-79.81231291172972,2,908
1,0,-76.6279455371803,3,909
1,0,-95.57847386457695,35,910
1,0,-82.17482231446407,4,911
3,1,-79.43743482415644,2,912
0,0,-92.6419794611883,25,913
2,1,-91.22241550569353,29,914
1,0,-81.76458194607903,6,915
3,1,-90.71168628697366,20,916
0,0,-86.85843078353302,19,917
2,0,-89.08698129562636,22,918
1,0,-78.544588815053,4,919
2,0,-94.57260343294236,40,920
2,1,-87.45068133086417,15,921
1,0,-78.1896493599771,4,922
1,0,-87.33263289583239,11,923
0,0,-89.78083919286686,21,924
2,0,-82.73015881964325,16,925
1,0,-81.87850968728894,4,926
0,0,-82.72002029863278,6,927
2,0,-93.29315310415512,25,928
2,1,-95.35641844093125,41,929
1,0,-93.32482544337074,37,930
1,0,-80.63906494703205,4,931
0,0,-85.56098182706378,11,932
4,0,-92.64089767242096,28,933
1,0,-86.72946854156613,8,934
0,0,-93.66253272414343,36,935
0,0,-84.99438075712837,9,936
0,0,-88.72175356496109,24,937
1,0,-85.74951593968107,9,938
0,0,-79.76281502830831,8,939
4,3,-95.04148499038611,41,940
1,0,-80.0296149657179,1,941
2,0,-83.78342920666812,9,942
0,0,-82.70297409019399,4,943
0,0,-85.06475119026467,15,944
1,0,-94.03937765830247,33,945
1,0,-78.30053375161746,4,946
1,0,-88.82862311054245,16,947
1,0,-76.63845091746062,1,948
0,0,-79.44715639398112,8,949
2,0,-88.94617369296708,19,950
1,0,-75.66442134964865,1,951
3,1,-89.18925867876678,15,952
1,0,-86.27563423180627,14,953
0,0,-92.57095920703755,32,954
3,0,-85.8849046937955,16,955
1,0,-86.94102229398541,15,956
0,0,-88.71380596481633,21,957
1,0,-82.22520272889214,5,958
1,0,-86.26014667696212,16,959
1,0,-90.55590584003548,28,960
1,0,-80.46217409929567,8,961
1,0,-84.63881001512922,13,962
3,1,-92.827144080964,35,963
0,0,-92.68050277160441,34,964
0,0,-86.34176755587941,12,965
3,0,-94.78304162721963,39,966
1,0,-79.4409704138027,3,967
4,2,-94.47062662564267,35,968
4,1,-88.87652293895074,19,969
3,2,-85.1574169127333,11,970
1,0,-82.44629425668258,2,971
1,0,-83.3940026251615,4,972
0,0,-79.40504579578501,4,973
0,0,-88.61954866748108,21,974
2,1,-90.98481365138396,24,975
0,0,-94.69435563762148,37,976
2,0,-79.15415813937904,4,977
1,0,-83.10393994215366,5,978
3,0,-90.864402215156,32,979
1,0,-85.71408437956163,10,980
0,0,-85.45249069479,14,981
1,0,-79.0605961147662,1,982
2,0,-84.25655442231275,13,983
1,0,-94.66565293900211,33,984
4,2,-94.16688451190032,37,985
0,0,-81.66665137768348,11,986
2,0,-84.16956732613914,10,987
2,1,-93.0655920638948,34,988
0,0,-84.51874174206645,15,989
0,0,-87.52383522729549,18,990
1,0,-76.02824190893139,2,991
0,0,-85.27159622837122,10,992
0,0,-87.05605736386198,11,993
1,0,-84.77946817483183,6,994
2,0,-95.64897420975447,37,995
1,0,-92.09912102708307,24,996
1,0,-85.89392160388637,12,997
1,0,-84.8311300023002,11,998
2,0,-86.69986097619602,11,999
